JobID|ExitCode|State|MaxRSS|Elapsed
13936577_236|0:0|COMPLETED||00:00:27
13936577_236.batch|0:0|COMPLETED|171096K|00:00:27
13936577_236.extern|0:0|COMPLETED|754K|00:00:28
13936577_1|0:0|COMPLETED||18:26:47
13936577_1.batch|0:0|COMPLETED|388015K|18:26:47
13936577_1.extern|0:0|COMPLETED|88K|18:28:01
13936577_2|0:0|COMPLETED||13:29:34
13936577_2.batch|0:0|COMPLETED|395754K|13:29:34
13936577_2.extern|0:0|COMPLETED|740K|13:29:36
13936577_3|0:0|COMPLETED||10:15:18
13936577_3.batch|0:0|COMPLETED|393450K|10:15:18
13936577_3.extern|0:0|COMPLETED|740K|10:15:18
13936577_4|0:0|COMPLETED||14:50:03
13936577_4.batch|0:0|COMPLETED|391017K|14:50:03
13936577_4.extern|0:0|COMPLETED|738K|14:50:06
13936577_5|0:0|COMPLETED||10:14:45
13936577_5.batch|0:0|COMPLETED|402709K|10:14:45
13936577_5.extern|0:0|COMPLETED|746K|10:14:49
13936577_6|0:0|COMPLETED||12:19:44
13936577_6.batch|0:0|COMPLETED|390531K|12:19:44
13936577_6.extern|0:0|COMPLETED|742K|12:19:47
13936577_7|0:0|COMPLETED||12:08:52
13936577_7.batch|0:0|COMPLETED|392507K|12:08:52
13936577_7.extern|0:0|COMPLETED|740K|12:09:01
13936577_8|0:0|COMPLETED||07:25:17
13936577_8.batch|0:0|COMPLETED|391785K|07:25:17
13936577_8.extern|0:0|COMPLETED|742K|07:25:21
13936577_9|0:0|COMPLETED||19:58:43
13936577_9.batch|0:0|COMPLETED|408378K|19:58:43
13936577_9.extern|0:0|COMPLETED|740K|19:58:49
13936577_10|0:0|COMPLETED||09:19:52
13936577_10.batch|0:0|COMPLETED|393314K|09:19:52
13936577_10.extern|0:0|COMPLETED|744K|09:19:55
13936577_11|0:0|COMPLETED||09:20:25
13936577_11.batch|0:0|COMPLETED|394093K|09:20:25
13936577_11.extern|0:0|COMPLETED|742K|09:20:28
13936577_12|0:0|COMPLETED||11:09:41
13936577_12.batch|0:0|COMPLETED|404709K|11:09:41
13936577_12.extern|0:0|COMPLETED|742K|11:09:52
13936577_13|0:0|COMPLETED||06:15:52
13936577_13.batch|0:0|COMPLETED|384287K|06:15:52
13936577_13.extern|0:0|COMPLETED|740K|06:16:24
13936577_14|0:0|COMPLETED||06:29:27
13936577_14.batch|0:0|COMPLETED|386769K|06:29:27
13936577_14.extern|0:0|COMPLETED|742K|06:29:27
13936577_15|0:0|COMPLETED||10:44:00
13936577_15.batch|0:0|COMPLETED|387612K|10:44:00
13936577_15.extern|0:0|COMPLETED|746K|10:44:03
13936577_16|0:0|COMPLETED||09:21:21
13936577_16.batch|0:0|COMPLETED|386586K|09:21:21
13936577_16.extern|0:0|COMPLETED|742K|09:21:24
13936577_17|0:0|COMPLETED||10:57:12
13936577_17.batch|0:0|COMPLETED|387193K|10:57:12
13936577_17.extern|0:0|COMPLETED|746K|10:57:30
13936577_18|0:0|COMPLETED||11:53:51
13936577_18.batch|0:0|COMPLETED|386244K|11:53:51
13936577_18.extern|0:0|COMPLETED|740K|11:53:54
13936577_19|0:0|COMPLETED||05:41:55
13936577_19.batch|0:0|COMPLETED|384534K|05:41:55
13936577_19.extern|0:0|COMPLETED|742K|05:41:58
13936577_20|0:0|COMPLETED||05:02:00
13936577_20.batch|0:0|COMPLETED|390019K|05:02:00
13936577_20.extern|0:0|COMPLETED|740K|05:02:19
13936577_21|0:0|COMPLETED||07:27:34
13936577_21.batch|0:0|COMPLETED|395627K|07:27:34
13936577_21.extern|0:0|COMPLETED|740K|07:27:37
13936577_22|0:0|COMPLETED||08:08:59
13936577_22.batch|0:0|COMPLETED|395920K|08:08:59
13936577_22.extern|0:0|COMPLETED|740K|08:09:18
13936577_23|0:0|COMPLETED||08:59:58
13936577_23.batch|0:0|COMPLETED|393539K|08:59:58
13936577_23.extern|0:0|COMPLETED|742K|09:00:00
13936577_24|0:0|COMPLETED||05:18:42
13936577_24.batch|0:0|COMPLETED|389893K|05:18:42
13936577_24.extern|0:0|COMPLETED|742K|05:18:45
13936577_25|1:0|FAILED||00:02:29
13936577_25.batch|1:0|FAILED|816K|00:02:29
13936577_25.extern|0:0|COMPLETED|740K|00:02:51
13936577_26|0:0|COMPLETED||06:59:38
13936577_26.batch|0:0|COMPLETED|390531K|06:59:38
13936577_26.extern|0:0|COMPLETED|742K|06:59:41
13936577_27|0:0|COMPLETED||06:22:44
13936577_27.batch|0:0|COMPLETED|389790K|06:22:44
13936577_27.extern|0:0|COMPLETED|740K|06:22:47
13936577_28|0:0|COMPLETED||06:10:06
13936577_28.batch|0:0|COMPLETED|394381K|06:10:06
13936577_28.extern|0:0|COMPLETED|742K|06:10:31
13936577_29|0:0|COMPLETED||06:02:36
13936577_29.batch|0:0|COMPLETED|393318K|06:02:36
13936577_29.extern|0:0|COMPLETED|742K|06:02:39
13936577_30|0:0|COMPLETED||05:26:50
13936577_30.batch|0:0|COMPLETED|385695K|05:26:50
13936577_30.extern|0:0|COMPLETED|742K|05:26:53
13936577_31|0:0|COMPLETED||03:34:14
13936577_31.batch|0:0|COMPLETED|395103K|03:34:14
13936577_31.extern|0:0|COMPLETED|740K|03:34:17
13936577_32|0:0|COMPLETED||05:24:44
13936577_32.batch|0:0|COMPLETED|387222K|05:24:44
13936577_32.extern|0:0|COMPLETED|742K|05:24:49
13936577_33|0:0|COMPLETED||03:23:13
13936577_33.batch|0:0|COMPLETED|394538K|03:23:13
13936577_33.extern|0:0|COMPLETED|744K|03:23:16
13936577_34|0:0|COMPLETED||05:27:28
13936577_34.batch|0:0|COMPLETED|390746K|05:27:28
13936577_34.extern|0:0|COMPLETED|744K|05:27:31
13936577_35|0:0|COMPLETED||05:43:28
13936577_35.batch|0:0|COMPLETED|389302K|05:43:28
13936577_35.extern|0:0|COMPLETED|744K|05:43:37
13936577_36|0:0|COMPLETED||04:38:06
13936577_36.batch|0:0|COMPLETED|390419K|04:38:06
13936577_36.extern|0:0|COMPLETED|738K|04:38:10
13936577_37|0:0|COMPLETED||06:15:51
13936577_37.batch|0:0|COMPLETED|386900K|06:15:51
13936577_37.extern|0:0|COMPLETED|742K|06:17:04
13936577_38|0:0|COMPLETED||03:36:12
13936577_38.batch|0:0|COMPLETED|391225K|03:36:12
13936577_38.extern|0:0|COMPLETED|744K|03:36:15
13936577_39|0:0|COMPLETED||02:52:34
13936577_39.batch|0:0|COMPLETED|389480K|02:52:34
13936577_39.extern|0:0|COMPLETED|742K|02:52:39
13936577_40|0:0|COMPLETED||04:28:49
13936577_40.batch|0:0|COMPLETED|388928K|04:28:49
13936577_40.extern|0:0|COMPLETED|742K|04:29:03
13936577_41|0:0|COMPLETED||05:15:43
13936577_41.batch|0:0|COMPLETED|387887K|05:15:43
13936577_41.extern|0:0|COMPLETED|738K|05:15:45
13936577_42|0:0|COMPLETED||04:11:01
13936577_42.batch|0:0|COMPLETED|386023K|04:11:01
13936577_42.extern|0:0|COMPLETED|742K|04:11:04
13936577_43|0:0|COMPLETED||02:50:29
13936577_43.batch|0:0|COMPLETED|393968K|02:50:29
13936577_43.extern|0:0|COMPLETED|742K|02:50:30
13936577_44|0:0|COMPLETED||03:04:23
13936577_44.batch|0:0|COMPLETED|395047K|03:04:23
13936577_44.extern|0:0|COMPLETED|744K|03:04:23
13936577_45|0:0|COMPLETED||00:04:50
13936577_45.batch|0:0|COMPLETED|810K|00:04:50
13936577_45.extern|0:0|COMPLETED|744K|00:04:54
13936577_46|0:0|COMPLETED||00:23:06
13936577_46.batch|0:0|COMPLETED|381750K|00:23:06
13936577_46.extern|0:0|COMPLETED|738K|00:23:10
13936577_47|0:0|COMPLETED||03:14:00
13936577_47.batch|0:0|COMPLETED|386181K|03:14:00
13936577_47.extern|0:0|COMPLETED|742K|03:14:03
13936577_48|0:0|COMPLETED||02:22:23
13936577_48.batch|0:0|COMPLETED|393209K|02:22:23
13936577_48.extern|0:0|COMPLETED|740K|02:22:26
13936577_49|0:0|COMPLETED||03:18:57
13936577_49.batch|0:0|COMPLETED|388996K|03:18:57
13936577_49.extern|0:0|COMPLETED|740K|03:19:00
13936577_50|0:0|COMPLETED||03:19:23
13936577_50.batch|0:0|COMPLETED|387799K|03:19:23
13936577_50.extern|0:0|COMPLETED|742K|03:19:25
13936577_51|0:0|COMPLETED||03:13:26
13936577_51.batch|0:0|COMPLETED|391847K|03:13:26
13936577_51.extern|0:0|COMPLETED|740K|03:13:29
13936577_52|0:0|COMPLETED||01:26:05
13936577_52.batch|0:0|COMPLETED|390727K|01:26:05
13936577_52.extern|0:0|COMPLETED|742K|01:26:07
13936577_53|0:0|COMPLETED||03:43:38
13936577_53.batch|0:0|COMPLETED|388320K|03:43:38
13936577_53.extern|0:0|COMPLETED|740K|03:43:41
13936577_54|0:0|COMPLETED||03:33:39
13936577_54.batch|0:0|COMPLETED|386183K|03:33:39
13936577_54.extern|0:0|COMPLETED|740K|03:33:42
13936577_55|0:0|COMPLETED||02:57:49
13936577_55.batch|0:0|COMPLETED|388328K|02:57:49
13936577_55.extern|0:0|COMPLETED|742K|02:58:04
13936577_56|0:0|COMPLETED||03:58:00
13936577_56.batch|0:0|COMPLETED|392666K|03:58:00
13936577_56.extern|0:0|COMPLETED|740K|03:58:04
13936577_57|0:0|COMPLETED||03:59:10
13936577_57.batch|0:0|COMPLETED|393006K|03:59:10
13936577_57.extern|0:0|COMPLETED|742K|03:59:13
13936577_58|0:0|COMPLETED||00:10:30
13936577_58.batch|0:0|COMPLETED|381467K|00:10:30
13936577_58.extern|0:0|COMPLETED|740K|00:10:51
13936577_59|0:0|COMPLETED||03:37:59
13936577_59.batch|0:0|COMPLETED|389493K|03:37:59
13936577_59.extern|0:0|COMPLETED|740K|03:38:02
13936577_60|0:0|COMPLETED||02:41:32
13936577_60.batch|0:0|COMPLETED|388320K|02:41:32
13936577_60.extern|0:0|COMPLETED|746K|02:41:35
13936577_61|0:0|COMPLETED||02:59:35
13936577_61.batch|0:0|COMPLETED|387854K|02:59:35
13936577_61.extern|0:0|COMPLETED|744K|03:00:06
13936577_62|0:0|COMPLETED||03:40:17
13936577_62.batch|0:0|COMPLETED|391887K|03:40:17
13936577_62.extern|0:0|COMPLETED|744K|03:40:17
13936577_63|1:0|FAILED||00:00:57
13936577_63.batch|1:0|FAILED|816K|00:00:57
13936577_63.extern|0:0|COMPLETED|748K|00:01:05
13936577_64|1:0|FAILED||00:01:04
13936577_64.batch|1:0|FAILED|818K|00:01:04
13936577_64.extern|0:0|COMPLETED|746K|00:01:10
13936577_65|0:0|COMPLETED||03:58:04
13936577_65.batch|0:0|COMPLETED|388174K|03:58:04
13936577_65.extern|0:0|COMPLETED|750K|03:58:05
13936577_66|0:0|COMPLETED||03:30:23
13936577_66.batch|0:0|COMPLETED|388199K|03:30:23
13936577_66.extern|0:0|COMPLETED|750K|03:30:23
13936577_67|0:0|COMPLETED||03:18:06
13936577_67.batch|0:0|COMPLETED|388804K|03:18:06
13936577_67.extern|0:0|COMPLETED|750K|03:18:08
13936577_68|0:0|COMPLETED||03:07:33
13936577_68.batch|0:0|COMPLETED|388284K|03:07:33
13936577_68.extern|0:0|COMPLETED|752K|03:07:34
13936577_69|0:0|COMPLETED||03:30:52
13936577_69.batch|0:0|COMPLETED|388138K|03:30:52
13936577_69.extern|0:0|COMPLETED|752K|03:30:52
13936577_70|0:0|COMPLETED||03:00:30
13936577_70.batch|0:0|COMPLETED|388413K|03:00:30
13936577_70.extern|0:0|COMPLETED|752K|03:00:32
13936577_71|0:0|COMPLETED||02:36:53
13936577_71.batch|0:0|COMPLETED|388505K|02:36:53
13936577_71.extern|0:0|COMPLETED|746K|02:36:54
13936577_72|0:0|COMPLETED||04:05:50
13936577_72.batch|0:0|COMPLETED|393890K|04:05:50
13936577_72.extern|0:0|COMPLETED|740K|04:05:50
13936577_73|0:0|COMPLETED||03:50:24
13936577_73.batch|0:0|COMPLETED|388486K|03:50:24
13936577_73.extern|0:0|COMPLETED|742K|03:50:26
13936577_74|0:0|COMPLETED||03:07:23
13936577_74.batch|0:0|COMPLETED|390094K|03:07:23
13936577_74.extern|0:0|COMPLETED|738K|03:07:25
13936577_75|0:0|COMPLETED||02:34:01
13936577_75.batch|0:0|COMPLETED|390874K|02:34:01
13936577_75.extern|0:0|COMPLETED|738K|02:34:35
13936577_76|0:0|COMPLETED||02:49:11
13936577_76.batch|0:0|COMPLETED|388080K|02:49:11
13936577_76.extern|0:0|COMPLETED|742K|02:49:12
13936577_77|0:0|COMPLETED||03:08:35
13936577_77.batch|0:0|COMPLETED|388120K|03:08:35
13936577_77.extern|0:0|COMPLETED|740K|03:08:36
13936577_78|1:0|FAILED||00:02:54
13936577_78.batch|1:0|FAILED|810K|00:02:54
13936577_78.extern|0:0|COMPLETED|740K|00:02:56
13936577_79|0:0|COMPLETED||02:45:39
13936577_79.batch|0:0|COMPLETED|389062K|02:45:39
13936577_79.extern|0:0|COMPLETED|740K|02:45:41
13936577_80|0:0|COMPLETED||02:42:47
13936577_80.batch|0:0|COMPLETED|391674K|02:42:47
13936577_80.extern|0:0|COMPLETED|740K|02:43:26
13936577_81|0:0|COMPLETED||03:04:44
13936577_81.batch|0:0|COMPLETED|389387K|03:04:44
13936577_81.extern|0:0|COMPLETED|86K|03:04:49
13936577_82|0:0|COMPLETED||02:22:39
13936577_82.batch|0:0|COMPLETED|393477K|02:22:39
13936577_82.extern|0:0|COMPLETED|738K|02:22:47
13936577_83|0:0|COMPLETED||02:43:28
13936577_83.batch|0:0|COMPLETED|395274K|02:43:28
13936577_83.extern|0:0|COMPLETED|742K|02:43:32
13936577_84|0:0|COMPLETED||02:13:02
13936577_84.batch|0:0|COMPLETED|389065K|02:13:02
13936577_84.extern|0:0|COMPLETED|744K|02:13:12
13936577_85|0:0|COMPLETED||02:39:17
13936577_85.batch|0:0|COMPLETED|392202K|02:39:17
13936577_85.extern|0:0|COMPLETED|742K|02:39:19
13936577_86|0:0|COMPLETED||02:47:23
13936577_86.batch|0:0|COMPLETED|390482K|02:47:23
13936577_86.extern|0:0|COMPLETED|740K|02:47:25
13936577_87|0:0|COMPLETED||02:42:06
13936577_87.batch|0:0|COMPLETED|394990K|02:42:06
13936577_87.extern|0:0|COMPLETED|742K|02:43:27
13936577_88|0:0|COMPLETED||02:28:59
13936577_88.batch|0:0|COMPLETED|392087K|02:28:59
13936577_88.extern|0:0|COMPLETED|740K|02:29:00
13936577_89|0:0|COMPLETED||02:43:27
13936577_89.batch|0:0|COMPLETED|390979K|02:43:27
13936577_89.extern|0:0|COMPLETED|738K|02:43:28
13936577_90|0:0|COMPLETED||02:36:11
13936577_90.batch|0:0|COMPLETED|393232K|02:36:11
13936577_90.extern|0:0|COMPLETED|742K|02:36:11
13936577_91|0:0|COMPLETED||01:57:42
13936577_91.batch|0:0|COMPLETED|389760K|01:57:42
13936577_91.extern|0:0|COMPLETED|742K|01:57:56
13936577_92|0:0|COMPLETED||01:55:11
13936577_92.batch|0:0|COMPLETED|388172K|01:55:11
13936577_92.extern|0:0|COMPLETED|740K|01:55:30
13936577_93|0:0|COMPLETED||02:19:30
13936577_93.batch|0:0|COMPLETED|388440K|02:19:30
13936577_93.extern|0:0|COMPLETED|742K|02:19:45
13936577_94|0:0|COMPLETED||02:17:46
13936577_94.batch|0:0|COMPLETED|387496K|02:17:46
13936577_94.extern|0:0|COMPLETED|742K|02:17:50
13936577_95|0:0|COMPLETED||01:55:30
13936577_95.batch|0:0|COMPLETED|383344K|01:55:30
13936577_95.extern|0:0|COMPLETED|744K|01:55:37
13936577_96|0:0|COMPLETED||02:00:05
13936577_96.batch|0:0|COMPLETED|388191K|02:00:05
13936577_96.extern|0:0|COMPLETED|744K|02:00:06
13936577_97|0:0|COMPLETED||01:32:39
13936577_97.batch|0:0|COMPLETED|388364K|01:32:39
13936577_97.extern|0:0|COMPLETED|742K|01:32:43
13936577_98|0:0|COMPLETED||02:19:05
13936577_98.batch|0:0|COMPLETED|393482K|02:19:05
13936577_98.extern|0:0|COMPLETED|740K|02:19:44
13936577_99|0:0|COMPLETED||01:24:02
13936577_99.batch|0:0|COMPLETED|391734K|01:24:02
13936577_99.extern|0:0|COMPLETED|742K|01:24:03
13936577_100|0:0|COMPLETED||02:23:08
13936577_100.batch|0:0|COMPLETED|389518K|02:23:08
13936577_100.extern|0:0|COMPLETED|744K|02:23:32
13936577_101|0:0|COMPLETED||03:47:13
13936577_101.batch|0:0|COMPLETED|394975K|03:47:13
13936577_101.extern|0:0|COMPLETED|90K|03:52:00
13936577_102|0:0|COMPLETED||02:28:20
13936577_102.batch|0:0|COMPLETED|396083K|02:28:20
13936577_102.extern|0:0|COMPLETED|744K|02:28:23
13936577_103|0:0|COMPLETED||01:59:59
13936577_103.batch|0:0|COMPLETED|385347K|01:59:59
13936577_103.extern|0:0|COMPLETED|740K|02:00:01
13936577_104|0:0|COMPLETED||02:30:55
13936577_104.batch|0:0|COMPLETED|388119K|02:30:55
13936577_104.extern|0:0|COMPLETED|740K|02:30:56
13936577_105|0:0|COMPLETED||02:08:49
13936577_105.batch|0:0|COMPLETED|391105K|02:08:49
13936577_105.extern|0:0|COMPLETED|744K|02:08:55
13936577_106|0:0|COMPLETED||02:00:51
13936577_106.batch|0:0|COMPLETED|384162K|02:00:51
13936577_106.extern|0:0|COMPLETED|740K|02:00:53
13936577_107|0:0|COMPLETED||02:36:33
13936577_107.batch|0:0|COMPLETED|387050K|02:36:33
13936577_107.extern|0:0|COMPLETED|744K|02:36:35
13936577_108|0:0|COMPLETED||02:46:10
13936577_108.batch|0:0|COMPLETED|391464K|02:46:10
13936577_108.extern|0:0|COMPLETED|742K|02:46:19
13936577_109|0:0|COMPLETED||02:07:22
13936577_109.batch|0:0|COMPLETED|383281K|02:07:22
13936577_109.extern|0:0|COMPLETED|744K|02:07:23
13936577_110|0:0|COMPLETED||02:04:32
13936577_110.batch|0:0|COMPLETED|387074K|02:04:32
13936577_110.extern|0:0|COMPLETED|740K|02:04:39
13936577_111|0:0|COMPLETED||02:24:58
13936577_111.batch|0:0|COMPLETED|386634K|02:24:58
13936577_111.extern|0:0|COMPLETED|738K|02:25:19
13936577_112|0:0|COMPLETED||02:01:08
13936577_112.batch|0:0|COMPLETED|388857K|02:01:08
13936577_112.extern|0:0|COMPLETED|742K|02:01:09
13936577_113|0:0|COMPLETED||00:04:37
13936577_113.batch|0:0|COMPLETED|812K|00:04:37
13936577_113.extern|0:0|COMPLETED|744K|00:04:41
13936577_114|0:0|COMPLETED||00:04:00
13936577_114.batch|0:0|COMPLETED|814K|00:04:00
13936577_114.extern|0:0|COMPLETED|742K|00:04:04
13936577_115|0:0|COMPLETED||02:18:19
13936577_115.batch|0:0|COMPLETED|387969K|02:18:19
13936577_115.extern|0:0|COMPLETED|742K|02:18:52
13936577_116|0:0|COMPLETED||00:05:28
13936577_116.batch|0:0|COMPLETED|810K|00:05:28
13936577_116.extern|0:0|COMPLETED|742K|00:05:34
13936577_117|0:0|COMPLETED||02:15:15
13936577_117.batch|0:0|COMPLETED|383781K|02:15:15
13936577_117.extern|0:0|COMPLETED|742K|02:15:40
13936577_118|0:0|COMPLETED||00:06:07
13936577_118.batch|0:0|COMPLETED|814K|00:06:07
13936577_118.extern|0:0|COMPLETED|744K|00:06:07
13936577_119|0:0|COMPLETED||00:08:33
13936577_119.batch|0:0|COMPLETED|385134K|00:08:33
13936577_119.extern|0:0|COMPLETED|746K|00:08:38
13936577_120|0:0|COMPLETED||00:04:06
13936577_120.batch|0:0|COMPLETED|812K|00:04:06
13936577_120.extern|0:0|COMPLETED|742K|00:04:08
13936577_121|0:0|COMPLETED||02:30:37
13936577_121.batch|0:0|COMPLETED|390109K|02:30:37
13936577_121.extern|0:0|COMPLETED|748K|02:30:38
13936577_122|0:0|COMPLETED||02:03:28
13936577_122.batch|0:0|COMPLETED|388625K|02:03:28
13936577_122.extern|0:0|COMPLETED|754K|02:03:29
13936577_123|0:0|COMPLETED||01:55:36
13936577_123.batch|0:0|COMPLETED|392682K|01:55:36
13936577_123.extern|0:0|COMPLETED|748K|01:55:40
13936577_124|0:0|COMPLETED||01:53:22
13936577_124.batch|0:0|COMPLETED|415035K|01:53:22
13936577_124.extern|0:0|COMPLETED|744K|01:53:26
13936577_125|0:0|COMPLETED||00:04:26
13936577_125.batch|0:0|COMPLETED|814K|00:04:26
13936577_125.extern|0:0|COMPLETED|752K|00:04:26
13936577_126|0:0|COMPLETED||02:00:37
13936577_126.batch|0:0|COMPLETED|393792K|02:00:37
13936577_126.extern|0:0|COMPLETED|750K|02:00:44
13936577_127|0:0|COMPLETED||01:48:35
13936577_127.batch|0:0|COMPLETED|390624K|01:48:35
13936577_127.extern|0:0|COMPLETED|752K|01:48:37
13936577_128|0:0|COMPLETED||01:47:25
13936577_128.batch|0:0|COMPLETED|394521K|01:47:25
13936577_128.extern|0:0|COMPLETED|748K|01:47:26
13936577_129|0:0|COMPLETED||01:32:58
13936577_129.batch|0:0|COMPLETED|392916K|01:32:58
13936577_129.extern|0:0|COMPLETED|746K|01:33:40
13936577_130|0:0|COMPLETED||01:34:43
13936577_130.batch|0:0|COMPLETED|390779K|01:34:43
13936577_130.extern|0:0|COMPLETED|746K|01:35:53
13936577_131|0:0|COMPLETED||01:47:25
13936577_131.batch|0:0|COMPLETED|394904K|01:47:25
13936577_131.extern|0:0|COMPLETED|750K|01:47:28
13936577_132|0:0|COMPLETED||01:38:38
13936577_132.batch|0:0|COMPLETED|393030K|01:38:38
13936577_132.extern|0:0|COMPLETED|748K|01:39:38
13936577_133|0:0|COMPLETED||01:32:43
13936577_133.batch|0:0|COMPLETED|392683K|01:32:43
13936577_133.extern|0:0|COMPLETED|750K|01:33:40
13936577_134|0:0|COMPLETED||01:24:28
13936577_134.batch|0:0|COMPLETED|393178K|01:24:28
13936577_134.extern|0:0|COMPLETED|750K|01:25:11
13936577_135|0:0|COMPLETED||01:43:43
13936577_135.batch|0:0|COMPLETED|382019K|01:43:43
13936577_135.extern|0:0|COMPLETED|748K|01:43:43
13936577_136|0:0|COMPLETED||00:57:56
13936577_136.batch|0:0|COMPLETED|395889K|00:57:56
13936577_136.extern|0:0|COMPLETED|748K|00:57:58
13936577_137|0:0|COMPLETED||01:54:30
13936577_137.batch|0:0|COMPLETED|394692K|01:54:30
13936577_137.extern|0:0|COMPLETED|746K|01:54:35
13936577_138|0:0|COMPLETED||01:38:42
13936577_138.batch|0:0|COMPLETED|396846K|01:38:42
13936577_138.extern|0:0|COMPLETED|750K|01:39:38
13936577_139|0:0|COMPLETED||01:32:03
13936577_139.batch|0:0|COMPLETED|391257K|01:32:03
13936577_139.extern|0:0|COMPLETED|746K|01:32:15
13936577_140|0:0|COMPLETED||01:31:48
13936577_140.batch|0:0|COMPLETED|389247K|01:31:48
13936577_140.extern|0:0|COMPLETED|748K|01:32:36
13936577_141|0:0|COMPLETED||00:04:19
13936577_141.batch|0:0|COMPLETED|818K|00:04:19
13936577_141.extern|0:0|COMPLETED|746K|00:04:21
13936577_142|0:0|COMPLETED||01:12:03
13936577_142.batch|0:0|COMPLETED|386313K|01:12:03
13936577_142.extern|0:0|COMPLETED|746K|01:12:17
13936577_143|0:0|COMPLETED||01:39:58
13936577_143.batch|0:0|COMPLETED|385835K|01:39:58
13936577_143.extern|0:0|COMPLETED|748K|01:40:05
13936577_144|0:0|COMPLETED||01:30:19
13936577_144.batch|0:0|COMPLETED|389785K|01:30:19
13936577_144.extern|0:0|COMPLETED|748K|01:30:27
13936577_145|0:0|COMPLETED||01:12:27
13936577_145.batch|0:0|COMPLETED|388711K|01:12:27
13936577_145.extern|0:0|COMPLETED|744K|01:13:05
13936577_146|0:0|COMPLETED||01:16:58
13936577_146.batch|0:0|COMPLETED|390378K|01:16:58
13936577_146.extern|0:0|COMPLETED|746K|01:16:58
13936577_147|0:0|COMPLETED||01:04:27
13936577_147.batch|0:0|COMPLETED|388173K|01:04:27
13936577_147.extern|0:0|COMPLETED|738K|01:04:27
13936577_148|0:0|COMPLETED||00:57:25
13936577_148.batch|0:0|COMPLETED|387936K|00:57:25
13936577_148.extern|0:0|COMPLETED|746K|00:57:25
13936577_149|0:0|COMPLETED||01:25:49
13936577_149.batch|0:0|COMPLETED|388027K|01:25:49
13936577_149.extern|0:0|COMPLETED|746K|01:25:49
13936577_150|0:0|COMPLETED||01:04:42
13936577_150.batch|0:0|COMPLETED|388157K|01:04:42
13936577_150.extern|0:0|COMPLETED|754K|01:04:42
13936577_151|0:0|COMPLETED||01:15:17
13936577_151.batch|0:0|COMPLETED|392810K|01:15:17
13936577_151.extern|0:0|COMPLETED|746K|01:15:17
13936577_152|0:0|COMPLETED||01:18:13
13936577_152.batch|0:0|COMPLETED|391775K|01:18:13
13936577_152.extern|0:0|COMPLETED|750K|01:18:14
13936577_153|0:0|COMPLETED||01:21:00
13936577_153.batch|0:0|COMPLETED|393782K|01:21:00
13936577_153.extern|0:0|COMPLETED|744K|01:21:01
13936577_154|0:0|COMPLETED||01:12:17
13936577_154.batch|0:0|COMPLETED|388015K|01:12:17
13936577_154.extern|0:0|COMPLETED|748K|01:13:04
13936577_155|0:0|COMPLETED||01:22:24
13936577_155.batch|0:0|COMPLETED|388278K|01:22:24
13936577_155.extern|0:0|COMPLETED|748K|01:22:25
13936577_156|0:0|COMPLETED||00:03:27
13936577_156.batch|0:0|COMPLETED|385684K|00:03:27
13936577_156.extern|0:0|COMPLETED|748K|00:03:29
13936577_157|0:0|COMPLETED||01:05:36
13936577_157.batch|0:0|COMPLETED|388043K|01:05:36
13936577_157.extern|0:0|COMPLETED|754K|01:05:38
13936577_158|0:0|COMPLETED||00:06:48
13936577_158.batch|0:0|COMPLETED|385342K|00:06:48
13936577_158.extern|0:0|COMPLETED|744K|00:06:50
13936577_159|0:0|COMPLETED||00:04:40
13936577_159.batch|0:0|COMPLETED|836K|00:04:40
13936577_159.extern|0:0|COMPLETED|744K|00:04:42
13936577_160|0:0|COMPLETED||01:09:41
13936577_160.batch|0:0|COMPLETED|386054K|01:09:41
13936577_160.extern|0:0|COMPLETED|744K|01:09:42
13936577_161|0:0|COMPLETED||00:07:46
13936577_161.batch|0:0|COMPLETED|303571K|00:07:46
13936577_161.extern|0:0|COMPLETED|748K|00:07:50
13936577_162|0:0|COMPLETED||00:02:55
13936577_162.batch|0:0|COMPLETED|838K|00:02:55
13936577_162.extern|0:0|COMPLETED|744K|00:02:59
13936577_163|0:0|COMPLETED||00:04:25
13936577_163.batch|0:0|COMPLETED|977K|00:04:25
13936577_163.extern|0:0|COMPLETED|90K|00:04:34
13936577_164|0:0|COMPLETED||01:24:18
13936577_164.batch|0:0|COMPLETED|377582K|01:24:18
13936577_164.extern|0:0|COMPLETED|94K|01:24:23
13936577_165|0:0|COMPLETED||00:03:21
13936577_165.batch|0:0|COMPLETED|834K|00:03:21
13936577_165.extern|0:0|COMPLETED|748K|00:03:23
13936577_166|0:0|COMPLETED||00:03:21
13936577_166.batch|0:0|COMPLETED|830K|00:03:21
13936577_166.extern|0:0|COMPLETED|746K|00:03:23
13936577_167|0:0|COMPLETED||00:56:51
13936577_167.batch|0:0|COMPLETED|380840K|00:56:51
13936577_167.extern|0:0|COMPLETED|746K|00:56:55
13936577_168|0:0|COMPLETED||01:03:19
13936577_168.batch|0:0|COMPLETED|377379K|01:03:19
13936577_168.extern|0:0|COMPLETED|746K|01:03:24
13936577_169|0:0|COMPLETED||00:51:07
13936577_169.batch|0:0|COMPLETED|380438K|00:51:07
13936577_169.extern|0:0|COMPLETED|748K|00:51:08
13936577_170|0:0|COMPLETED||01:11:58
13936577_170.batch|0:0|COMPLETED|384330K|01:11:58
13936577_170.extern|0:0|COMPLETED|748K|01:12:13
13936577_171|0:0|COMPLETED||01:06:02
13936577_171.batch|0:0|COMPLETED|377581K|01:06:02
13936577_171.extern|0:0|COMPLETED|744K|01:06:52
13936577_172|0:0|COMPLETED||01:24:39
13936577_172.batch|0:0|COMPLETED|383834K|01:24:39
13936577_172.extern|0:0|COMPLETED|746K|01:24:39
13936577_173|0:0|COMPLETED||01:25:12
13936577_173.batch|0:0|COMPLETED|383921K|01:25:12
13936577_173.extern|0:0|COMPLETED|748K|01:25:13
13936577_174|0:0|COMPLETED||01:04:16
13936577_174.batch|0:0|COMPLETED|383791K|01:04:16
13936577_174.extern|0:0|COMPLETED|744K|01:04:22
13936577_175|0:0|COMPLETED||00:50:59
13936577_175.batch|0:0|COMPLETED|381654K|00:50:59
13936577_175.extern|0:0|COMPLETED|746K|00:51:00
13936577_176|0:0|COMPLETED||01:11:43
13936577_176.batch|0:0|COMPLETED|377611K|01:11:43
13936577_176.extern|0:0|COMPLETED|746K|01:11:51
13936577_177|0:0|COMPLETED||00:49:23
13936577_177.batch|0:0|COMPLETED|379169K|00:49:23
13936577_177.extern|0:0|COMPLETED|748K|00:49:24
13936577_178|0:0|COMPLETED||01:17:59
13936577_178.batch|0:0|COMPLETED|383795K|01:17:59
13936577_178.extern|0:0|COMPLETED|748K|01:18:39
13936577_179|0:0|COMPLETED||00:19:39
13936577_179.batch|0:0|COMPLETED|390694K|00:19:39
13936577_179.extern|0:0|COMPLETED|746K|00:19:44
13936577_180|0:0|COMPLETED||01:05:03
13936577_180.batch|0:0|COMPLETED|380907K|01:05:03
13936577_180.extern|0:0|COMPLETED|746K|01:05:05
13936577_181|0:0|COMPLETED||01:00:35
13936577_181.batch|0:0|COMPLETED|390236K|01:00:35
13936577_181.extern|0:0|COMPLETED|748K|01:00:39
13936577_182|0:0|COMPLETED||01:01:33
13936577_182.batch|0:0|COMPLETED|388832K|01:01:33
13936577_182.extern|0:0|COMPLETED|746K|01:01:34
13936577_183|0:0|COMPLETED||00:42:50
13936577_183.batch|0:0|COMPLETED|390898K|00:42:50
13936577_183.extern|0:0|COMPLETED|746K|00:42:51
13936577_184|0:0|COMPLETED||01:02:45
13936577_184.batch|0:0|COMPLETED|383557K|01:02:45
13936577_184.extern|0:0|COMPLETED|748K|01:02:50
13936577_185|0:0|COMPLETED||00:49:39
13936577_185.batch|0:0|COMPLETED|386144K|00:49:39
13936577_185.extern|0:0|COMPLETED|748K|00:49:40
13936577_186|0:0|COMPLETED||00:01:59
13936577_186.batch|0:0|COMPLETED|836K|00:01:59
13936577_186.extern|0:0|COMPLETED|748K|00:02:00
13936577_187|0:0|COMPLETED||00:37:44
13936577_187.batch|0:0|COMPLETED|383998K|00:37:44
13936577_187.extern|0:0|COMPLETED|748K|00:37:46
13936577_188|1:0|FAILED||00:01:57
13936577_188.batch|1:0|FAILED|832K|00:01:57
13936577_188.extern|0:0|COMPLETED|746K|00:01:58
13936577_189|0:0|COMPLETED||00:04:52
13936577_189.batch|0:0|COMPLETED|838K|00:04:52
13936577_189.extern|0:0|COMPLETED|748K|00:04:55
13936577_190|0:0|COMPLETED||00:02:29
13936577_190.batch|0:0|COMPLETED|836K|00:02:29
13936577_190.extern|0:0|COMPLETED|748K|00:02:31
13936577_191|0:0|COMPLETED||00:01:54
13936577_191.batch|0:0|COMPLETED|836K|00:01:54
13936577_191.extern|0:0|COMPLETED|748K|00:01:55
13936577_192|0:0|COMPLETED||00:03:32
13936577_192.batch|0:0|COMPLETED|836K|00:03:32
13936577_192.extern|0:0|COMPLETED|748K|00:03:39
13936577_193|0:0|COMPLETED||00:40:16
13936577_193.batch|0:0|COMPLETED|384575K|00:40:16
13936577_193.extern|0:0|COMPLETED|746K|00:40:17
13936577_194|0:0|COMPLETED||00:45:38
13936577_194.batch|0:0|COMPLETED|384378K|00:45:38
13936577_194.extern|0:0|COMPLETED|750K|00:45:42
13936577_195|0:0|COMPLETED||00:02:02
13936577_195.batch|0:0|COMPLETED|836K|00:02:02
13936577_195.extern|0:0|COMPLETED|746K|00:02:03
13936577_196|0:0|COMPLETED||00:47:06
13936577_196.batch|0:0|COMPLETED|383119K|00:47:06
13936577_196.extern|0:0|COMPLETED|746K|00:47:07
13936577_197|0:0|COMPLETED||00:35:07
13936577_197.batch|0:0|COMPLETED|387052K|00:35:07
13936577_197.extern|0:0|COMPLETED|750K|00:35:10
13936577_198|0:0|COMPLETED||00:42:18
13936577_198.batch|0:0|COMPLETED|379764K|00:42:18
13936577_198.extern|0:0|COMPLETED|746K|00:42:28
13936577_199|0:0|COMPLETED||00:20:41
13936577_199.batch|0:0|COMPLETED|388279K|00:20:41
13936577_199.extern|0:0|COMPLETED|740K|00:20:43
13936577_200|0:0|COMPLETED||00:35:39
13936577_200.batch|0:0|COMPLETED|387773K|00:35:39
13936577_200.extern|0:0|COMPLETED|744K|00:35:46
13936577_201|0:0|COMPLETED||00:33:53
13936577_201.batch|0:0|COMPLETED|386126K|00:33:53
13936577_201.extern|0:0|COMPLETED|740K|00:33:53
13936577_202|0:0|COMPLETED||00:23:35
13936577_202.batch|0:0|COMPLETED|385184K|00:23:35
13936577_202.extern|0:0|COMPLETED|740K|00:23:35
13936577_203|0:0|COMPLETED||00:27:10
13936577_203.batch|0:0|COMPLETED|386698K|00:27:10
13936577_203.extern|0:0|COMPLETED|742K|00:27:11
13936577_204|0:0|COMPLETED||00:03:03
13936577_204.batch|0:0|COMPLETED|814K|00:03:03
13936577_204.extern|0:0|COMPLETED|742K|00:03:10
13936577_205|0:0|COMPLETED||00:01:28
13936577_205.batch|0:0|COMPLETED|810K|00:01:28
13936577_205.extern|0:0|COMPLETED|742K|00:01:33
13936577_206|0:0|COMPLETED||00:01:28
13936577_206.batch|0:0|COMPLETED|356953K|00:01:28
13936577_206.extern|0:0|COMPLETED|738K|00:01:33
13936577_207|0:0|COMPLETED||00:01:33
13936577_207.batch|0:0|COMPLETED|355405K|00:01:33
13936577_207.extern|0:0|COMPLETED|740K|00:01:35
13936577_208|0:0|COMPLETED||00:01:47
13936577_208.batch|0:0|COMPLETED|384241K|00:01:47
13936577_208.extern|0:0|COMPLETED|740K|00:01:49
13936577_209|0:0|COMPLETED||00:01:45
13936577_209.batch|0:0|COMPLETED|356707K|00:01:45
13936577_209.extern|0:0|COMPLETED|746K|00:01:47
13936577_210|0:0|COMPLETED||00:01:37
13936577_210.batch|0:0|COMPLETED|816K|00:01:37
13936577_210.extern|0:0|COMPLETED|740K|00:01:39
13936577_211|0:0|COMPLETED||00:32:04
13936577_211.batch|0:0|COMPLETED|389118K|00:32:04
13936577_211.extern|0:0|COMPLETED|734K|00:32:05
13936577_212|0:0|COMPLETED||00:31:49
13936577_212.batch|0:0|COMPLETED|386575K|00:31:49
13936577_212.extern|0:0|COMPLETED|738K|00:31:49
13936577_213|0:0|COMPLETED||00:30:58
13936577_213.batch|0:0|COMPLETED|383212K|00:30:58
13936577_213.extern|0:0|COMPLETED|746K|00:31:00
13936577_214|0:0|COMPLETED||00:03:28
13936577_214.batch|0:0|COMPLETED|356415K|00:03:28
13936577_214.extern|0:0|COMPLETED|90K|00:03:30
13936577_215|0:0|COMPLETED||00:26:28
13936577_215.batch|0:0|COMPLETED|384734K|00:26:28
13936577_215.extern|0:0|COMPLETED|740K|00:26:29
13936577_216|0:0|COMPLETED||00:25:39
13936577_216.batch|0:0|COMPLETED|388003K|00:25:39
13936577_216.extern|0:0|COMPLETED|740K|00:25:40
13936577_217|0:0|COMPLETED||00:26:44
13936577_217.batch|0:0|COMPLETED|384935K|00:26:44
13936577_217.extern|0:0|COMPLETED|744K|00:26:46
13936577_218|0:0|COMPLETED||00:01:43
13936577_218.batch|0:0|COMPLETED||00:01:43
13936577_218.extern|0:0|COMPLETED||00:01:44
13936577_219|0:0|COMPLETED||00:01:11
13936577_219.batch|0:0|COMPLETED|382188K|00:01:11
13936577_219.extern|0:0|COMPLETED|742K|00:01:12
13936577_220|0:0|COMPLETED||00:00:58
13936577_220.batch|0:0|COMPLETED|378234K|00:00:58
13936577_220.extern|0:0|COMPLETED|748K|00:01:09
13936577_221|0:0|COMPLETED||00:01:20
13936577_221.batch|0:0|COMPLETED|356230K|00:01:20
13936577_221.extern|0:0|COMPLETED|752K|00:01:21
13936577_222|0:0|COMPLETED||00:09:21
13936577_222.batch|0:0|COMPLETED|385330K|00:09:21
13936577_222.extern|0:0|COMPLETED|744K|00:09:22
13936577_223|0:0|COMPLETED||00:12:35
13936577_223.batch|0:0|COMPLETED|384398K|00:12:35
13936577_223.extern|0:0|COMPLETED|752K|00:12:37
13936577_224|0:0|COMPLETED||00:01:18
13936577_224.batch|0:0|COMPLETED|810K|00:01:18
13936577_224.extern|0:0|COMPLETED|752K|00:01:20
13936577_225|0:0|COMPLETED||00:01:04
13936577_225.batch|0:0|COMPLETED|810K|00:01:04
13936577_225.extern|0:0|COMPLETED|750K|00:01:09
13936577_226|0:0|COMPLETED||00:01:45
13936577_226.batch|0:0|COMPLETED|816K|00:01:45
13936577_226.extern|0:0|COMPLETED|756K|00:01:45
13936577_227|0:0|COMPLETED||00:13:02
13936577_227.batch|0:0|COMPLETED|377330K|00:13:02
13936577_227.extern|0:0|COMPLETED|750K|00:13:03
13936577_228|0:0|COMPLETED||00:12:42
13936577_228.batch|0:0|COMPLETED|377334K|00:12:42
13936577_228.extern|0:0|COMPLETED|750K|00:12:42
13936577_229|0:0|COMPLETED||00:10:02
13936577_229.batch|0:0|COMPLETED|377221K|00:10:02
13936577_229.extern|0:0|COMPLETED|750K|00:10:02
13936577_230|0:0|COMPLETED||00:01:22
13936577_230.batch|0:0|COMPLETED|169630K|00:01:22
13936577_230.extern|0:0|COMPLETED|748K|00:01:22
13936577_231|0:0|COMPLETED||00:00:25
13936577_231.batch|0:0|COMPLETED|160280K|00:00:25
13936577_231.extern|0:0|COMPLETED|748K|00:00:27
13936577_232|0:0|COMPLETED||00:00:34
13936577_232.batch|0:0|COMPLETED|170587K|00:00:34
13936577_232.extern|0:0|COMPLETED|748K|00:00:34
13936577_233|0:0|COMPLETED||00:00:32
13936577_233.batch|0:0|COMPLETED|170573K|00:00:32
13936577_233.extern|0:0|COMPLETED|748K|00:00:34
13936577_234|0:0|COMPLETED||00:01:29
13936577_234.batch|0:0|COMPLETED|171665K|00:01:29
13936577_234.extern|0:0|COMPLETED|748K|00:01:30
13936577_235|0:0|COMPLETED||00:00:49
13936577_235.batch|0:0|COMPLETED|171491K|00:00:49
13936577_235.extern|0:0|COMPLETED|746K|00:00:50
